PassengerId,Survived,Pclass,Sex,Age,SibSp,Parch,Fare,Embarked,CabinLevel,CabinNumber
1,0,3,1,4,1,0,0,3,7,2
2,1,1,0,0,1,0,3,0,2,1
3,1,3,0,7,0,0,0,3,7,2
4,1,1,0,7,1,0,3,3,2,0
5,0,3,1,7,0,0,1,3,7,2
6,0,3,1,6,0,0,1,2,7,2
7,0,1,1,0,0,0,3,3,4,1
8,0,3,1,1,3,1,2,3,7,2
9,1,3,0,7,0,2,1,3,7,2
10,1,2,0,5,1,0,2,0,7,2
11,1,3,0,1,1,1,2,3,6,1
12,1,1,0,0,0,0,2,3,2,0
13,0,3,1,4,0,0,1,3,7,2
14,0,3,1,0,1,5,3,3,7,2
15,0,3,0,5,0,0,0,3,7,2
16,1,2,0,0,0,0,2,3,7,2
17,0,3,1,1,4,1,2,2,7,2
18,1,2,1,6,0,0,1,3,7,2
19,0,3,0,7,1,0,2,3,7,2
20,1,3,0,6,0,0,0,0,7,2
21,0,2,1,7,0,0,2,3,7,2
22,1,2,1,7,0,0,1,3,3,1
23,1,3,0,5,0,0,1,2,7,2
24,1,1,1,7,0,0,3,3,0,1
25,0,3,0,2,3,1,2,3,7,2
26,1,3,0,0,1,5,3,3,7,2
27,0,3,1,6,0,0,0,0,7,2
28,0,1,1,4,3,2,3,3,2,1
29,1,3,0,6,0,0,0,2,7,2
30,0,3,1,6,0,0,0,3,7,2
31,0,1,1,0,0,0,2,0,7,2
32,1,1,0,6,1,0,3,0,1,1
33,1,3,0,6,0,0,0,2,7,2
34,0,2,1,3,0,0,1,3,7,2
35,0,1,1,7,1,0,3,0,7,2
36,0,1,1,0,1,0,3,3,7,2
37,1,3,1,6,0,0,0,0,7,2
38,0,3,1,4,0,0,1,3,7,2
39,0,3,0,5,2,0,2,3,7,2
40,1,3,0,5,1,0,1,0,7,2
41,0,3,0,0,1,0,1,3,7,2
42,0,2,0,7,1,0,2,3,7,2
43,0,3,1,6,0,0,0,0,7,2
44,1,2,0,1,1,2,3,0,7,2
45,1,3,0,4,0,0,0,2,7,2
46,0,3,1,6,0,0,1,3,7,2
47,0,3,1,6,1,0,2,2,7,2
48,1,3,0,6,0,0,0,2,7,2
49,0,3,1,6,2,0,2,0,7,2
50,0,3,0,5,1,0,2,3,7,2
51,0,3,1,2,4,1,3,3,7,2
52,0,3,1,4,0,0,0,3,7,2
53,1,1,0,0,1,0,3,0,3,1
54,1,2,0,7,1,0,2,3,7,2
55,0,1,1,3,0,1,3,0,1,1
56,1,1,1,6,0,0,3,3,2,1
57,1,2,0,4,0,0,1,3,7,2
58,0,3,1,7,0,0,0,0,7,2
59,1,2,0,1,1,2,2,3,7,2
60,0,3,1,2,5,2,3,3,7,2
61,0,3,1,4,0,0,0,0,7,2
62,1,1,0,0,0,0,3,1,1,1
63,0,1,1,0,1,0,3,3,2,1
64,0,3,1,1,3,2,2,3,7,2
65,0,1,1,6,0,0,2,0,7,2
66,1,3,1,6,1,1,2,0,7,2
67,1,2,0,7,0,0,1,3,5,1
68,0,3,1,4,0,0,1,3,7,2
69,1,3,0,5,4,2,0,3,7,2
70,0,3,1,7,2,0,1,3,7,2
71,0,2,1,7,0,0,1,3,7,2
72,0,3,0,5,5,2,3,3,7,2
73,0,2,1,4,0,0,3,3,7,2
74,0,3,1,7,1,0,1,0,7,2
75,1,3,1,7,0,0,3,3,7,2
76,0,3,1,4,0,0,0,3,6,1
77,0,3,1,6,0,0,0,3,7,2
78,0,3,1,6,0,0,1,3,7,2
79,1,2,1,1,0,2,2,3,7,2
80,1,3,0,7,0,0,1,3,7,2
81,0,3,1,4,0,0,1,3,7,2
82,1,3,1,7,0,0,1,3,7,2
83,1,3,0,6,0,0,0,2,7,2
84,0,1,1,7,0,0,3,3,7,2
85,1,2,0,5,0,0,1,3,7,2
86,1,3,0,7,3,0,2,3,7,2
87,0,3,1,5,1,3,3,3,7,2
88,0,3,1,6,0,0,1,3,7,2
89,1,1,0,4,3,2,3,3,2,1
90,0,3,1,4,0,0,1,3,7,2
91,0,3,1,7,0,0,1,3,7,2
92,0,3,1,4,0,0,0,3,7,2
93,0,1,1,0,1,0,3,3,4,1
94,0,3,1,7,1,2,2,3,7,2
95,0,3,1,0,0,0,0,3,7,2
96,0,3,1,6,0,0,1,3,7,2
97,0,1,1,3,0,0,3,0,0,1
98,1,1,1,4,0,1,3,0,3,1
99,1,2,0,7,0,1,2,3,7,2
100,0,2,1,7,1,0,2,3,7,2
101,0,3,0,7,0,0,0,3,7,2
102,0,3,1,6,0,0,0,3,7,2
103,0,1,1,4,0,1,3,3,3,1
104,0,3,1,7,0,0,1,3,7,2
105,0,3,1,0,2,0,0,3,7,2
106,0,3,1,7,0,0,0,3,7,2
107,1,3,0,4,0,0,0,3,7,2
108,1,3,1,6,0,0,0,3,7,2
109,0,3,1,0,0,0,0,3,7,2
110,1,3,0,6,1,0,2,2,7,2
111,0,1,1,0,0,0,3,3,2,0
112,0,3,0,5,1,0,1,0,7,2
113,0,3,1,4,0,0,1,3,7,2
114,0,3,0,4,1,0,1,3,7,2
115,0,3,0,5,0,0,1,0,7,2
116,0,3,1,4,0,0,0,3,7,2
117,0,3,1,3,0,0,0,2,7,2
118,0,2,1,7,1,0,2,3,7,2
119,0,1,1,4,0,1,3,0,1,1
120,0,3,0,1,4,2,3,3,7,2
121,0,2,1,4,2,0,3,3,7,2
122,0,3,1,6,0,0,1,3,7,2
123,0,2,1,7,1,0,2,0,7,2
124,1,2,0,7,0,0,1,3,4,0
125,0,1,1,0,0,1,3,3,3,1
126,1,3,1,2,1,0,1,0,7,2
127,0,3,1,6,0,0,0,2,7,2
128,1,3,1,4,0,0,0,3,7,2
129,1,3,0,6,1,1,2,0,4,1
130,0,3,1,0,0,0,0,3,7,2
131,0,3,1,7,0,0,0,0,7,2
132,0,3,1,4,0,0,0,3,7,2
133,0,3,0,0,1,0,1,3,7,2
134,1,2,0,7,1,0,2,3,7,2
135,0,2,1,4,0,0,1,3,7,2
136,0,2,1,4,0,0,2,0,7,2
137,1,1,0,4,0,2,2,3,3,1
138,0,1,1,0,1,0,3,3,2,0
139,0,3,1,5,0,0,1,3,7,2
140,0,1,1,4,0,0,3,0,1,1
141,0,3,0,6,0,2,2,0,7,2
142,1,3,0,4,0,0,0,3,7,2
143,1,3,0,4,1,0,2,3,7,2
144,0,3,1,4,0,0,0,2,7,2
145,0,2,1,5,0,0,1,3,7,2
146,0,2,1,4,1,1,3,3,7,2
147,1,3,1,7,0,0,0,3,7,2
148,0,3,0,2,2,2,3,3,7,2
149,0,2,1,0,0,2,2,3,5,1
150,0,2,1,0,0,0,1,3,7,2
151,0,2,1,0,0,0,1,3,7,2
152,1,1,0,4,1,0,3,3,2,1
153,0,3,1,0,0,0,1,3,7,2
154,0,3,1,0,0,2,1,3,7,2
155,0,3,1,6,0,0,0,3,7,2
156,0,1,1,0,0,1,3,0,7,2
157,1,3,0,5,0,0,0,2,7,2
158,0,3,1,7,0,0,1,3,7,2
159,0,3,1,6,0,0,1,3,7,2
160,0,3,1,6,8,2,3,3,7,2
161,0,3,1,0,0,1,2,3,7,2
162,1,2,0,0,0,0,2,3,7,2
163,0,3,1,7,0,0,0,3,7,2
164,0,3,1,5,0,0,1,3,7,2
165,0,3,1,1,4,1,3,3,7,2
166,1,3,1,2,0,2,2,3,7,2
167,1,1,0,6,0,1,3,3,4,1
168,0,3,0,0,1,4,2,3,7,2
169,0,1,1,6,0,0,2,3,7,2
170,0,3,1,7,0,0,3,3,7,2
171,0,1,1,3,0,0,3,3,1,1
172,0,3,1,1,4,1,2,2,7,2
173,1,3,0,1,1,1,1,3,7,2
174,0,3,1,4,0,0,0,3,7,2
175,0,1,1,0,0,0,2,0,0,1
176,0,3,1,5,1,1,0,3,7,2
177,0,3,1,6,3,1,2,3,7,2
178,0,1,0,0,0,0,2,0,2,1
179,0,2,1,7,0,0,1,3,7,2
180,0,3,1,0,0,0,4,3,7,2
181,0,3,0,6,8,2,3,3,7,2
182,0,2,1,6,0,0,2,0,7,2
183,0,3,1,2,4,2,3,3,7,2
184,1,2,1,1,2,1,3,3,5,1
185,1,3,0,1,0,2,2,3,7,2
186,0,1,1,6,0,0,3,3,0,1
187,1,3,0,6,1,0,2,2,7,2
188,1,1,1,0,0,0,2,3,7,2
189,0,3,1,0,1,1,2,2,7,2
190,0,3,1,0,0,0,0,3,7,2
191,1,2,0,7,0,0,1,3,7,2
192,0,2,1,4,0,0,1,3,7,2
193,1,3,0,4,1,0,0,3,7,2
194,1,2,1,1,1,1,2,3,5,1
195,1,1,0,0,0,0,2,0,1,1
196,1,1,0,0,0,0,3,0,1,1
197,0,3,1,6,0,0,0,2,7,2
198,0,3,1,0,0,1,1,3,7,2
199,1,3,0,6,0,0,0,2,7,2
200,0,2,0,4,0,0,1,3,7,2
201,0,3,1,7,0,0,1,3,7,2
202,0,3,1,6,8,2,3,3,7,2
203,0,3,1,7,0,0,0,3,7,2
204,0,3,1,0,0,0,0,0,7,2
205,1,3,1,5,0,0,1,3,7,2
206,0,3,0,1,0,1,1,3,6,1
207,0,3,1,7,1,0,2,3,7,2
208,1,3,1,7,0,0,2,0,7,2
209,1,3,0,5,0,0,0,2,7,2
210,1,1,1,0,0,0,2,0,0,1
211,0,3,1,4,0,0,0,3,7,2
212,1,2,0,7,0,0,2,3,7,2
213,0,3,1,4,0,0,0,3,7,2
214,0,2,1,7,0,0,1,3,7,2
215,0,3,1,6,1,0,0,2,7,2
216,1,1,0,7,1,0,3,0,3,1
217,1,3,0,7,0,0,0,3,7,2
218,0,2,1,0,1,0,2,3,7,2
219,1,1,0,7,0,0,3,0,3,1
220,0,2,1,7,0,0,1,3,7,2
221,1,3,1,5,0,0,1,3,7,2
222,0,2,1,7,0,0,1,3,7,2
223,0,3,1,0,0,0,1,3,7,2
224,0,3,1,6,0,0,0,3,7,2
225,1,1,1,0,1,0,3,3,2,0
226,0,3,1,4,0,0,1,3,7,2
227,1,2,1,4,0,0,1,3,7,2
228,0,3,1,4,0,0,0,3,7,2
229,0,2,1,5,0,0,1,3,7,2
230,0,3,0,6,3,1,2,3,7,2
231,1,1,0,7,1,0,3,3,2,1
232,0,3,1,7,0,0,0,3,7,2
233,0,2,1,0,0,0,1,3,7,2
234,1,3,0,1,4,2,3,3,7,2
235,0,2,1,4,0,0,1,3,7,2
236,0,3,0,6,0,0,0,3,7,2
237,0,2,1,0,1,0,2,3,7,2
238,1,2,0,2,0,2,2,3,7,2
239,0,2,1,4,0,0,1,3,7,2
240,0,2,1,7,0,0,1,3,7,2
241,0,3,0,6,1,0,1,0,7,2
242,1,3,0,6,1,0,2,2,7,2
243,0,2,1,7,0,0,1,3,7,2
244,0,3,1,4,0,0,0,3,7,2
245,0,3,1,7,0,0,0,0,7,2
246,0,1,1,0,2,0,3,2,2,1
247,0,3,0,4,0,0,0,3,7,2
248,1,2,0,4,0,2,1,3,7,2
249,1,1,1,0,1,1,3,3,3,1
250,0,2,1,0,1,0,2,3,7,2
251,0,3,1,6,0,0,0,3,7,2
252,0,3,0,7,1,1,1,3,6,1
253,0,1,1,3,0,0,2,3,2,1
254,0,3,1,7,1,0,2,3,7,2
255,0,3,0,0,0,2,2,3,7,2
256,1,3,0,7,0,2,2,0,7,2
257,1,1,0,6,0,0,3,0,7,2
258,1,1,0,7,0,0,3,3,1,1
259,1,1,0,7,0,0,3,0,7,2
260,1,2,0,0,0,1,2,3,7,2
261,0,3,1,6,0,0,0,2,7,2
262,1,3,1,1,4,2,3,3,7,2
263,0,1,1,0,1,1,3,3,4,1
264,0,1,1,0,0,0,4,3,1,0
265,0,3,0,6,0,0,0,2,7,2
266,0,2,1,0,0,0,1,3,7,2
267,0,3,1,5,4,1,3,3,7,2
268,1,3,1,4,1,0,0,3,7,2
269,1,1,0,0,0,1,3,3,2,0
270,1,1,0,7,0,0,3,3,2,0
271,0,1,1,6,0,0,2,3,7,2
272,1,3,1,4,0,0,4,3,7,2
273,1,2,0,0,0,1,2,3,7,2
274,0,1,1,0,0,1,2,0,2,0
275,1,3,0,6,0,0,0,2,7,2
276,1,1,0,3,1,0,3,3,3,1
277,0,3,0,0,0,0,0,3,7,2
278,0,2,1,6,0,0,4,3,7,2
279,0,3,1,2,4,1,2,2,7,2
280,1,3,0,7,1,1,2,3,7,2
281,0,3,1,3,0,0,0,2,7,2
282,0,3,1,7,0,0,0,3,7,2
283,0,3,1,5,0,0,1,3,7,2
284,1,3,1,4,0,0,1,3,7,2
285,0,1,1,6,0,0,2,3,0,1
286,0,3,1,7,0,0,1,0,7,2
287,1,3,1,7,0,0,1,3,7,2
288,0,3,1,4,0,0,0,3,7,2
289,1,2,1,0,0,0,1,3,7,2
290,1,3,0,4,0,0,0,2,7,2
291,1,1,0,7,0,0,3,3,7,2
292,1,1,0,4,1,0,3,0,1,1
293,0,2,1,0,0,0,1,0,7,2
294,0,3,0,4,0,0,1,3,7,2
295,0,3,1,4,0,0,0,3,7,2
296,0,1,1,6,0,0,2,0,7,2
297,0,3,1,4,0,0,0,0,7,2
298,0,1,0,1,1,2,3,3,2,1
299,1,1,1,6,0,0,2,3,2,0
300,1,1,0,0,0,1,3,0,1,1
301,1,3,0,6,0,0,0,2,7,2
302,1,3,1,6,2,0,2,2,7,2
303,0,3,1,4,0,0,4,3,7,2
304,1,2,0,6,0,0,1,2,4,0
305,0,3,1,6,0,0,1,3,7,2
306,1,1,1,1,1,2,3,3,2,1
307,1,1,0,6,0,0,3,0,7,2
308,1,1,0,5,1,0,3,0,2,1
309,0,2,1,7,1,0,2,0,7,2
310,1,1,0,7,0,0,3,0,4,1
311,1,1,0,4,0,0,3,0,2,1
312,1,1,0,5,2,2,3,0,1,1
313,0,2,0,7,1,1,2,3,7,2
314,0,3,1,7,0,0,0,3,7,2
315,0,2,1,0,1,1,2,3,7,2
316,1,3,0,7,0,0,0,3,7,2
317,1,2,0,4,1,0,2,3,7,2
318,0,2,1,0,0,0,1,3,7,2
319,1,1,0,7,0,2,3,3,2,1
320,1,1,0,0,1,1,3,0,4,1
321,0,3,1,4,0,0,0,3,7,2
322,0,3,1,7,0,0,0,3,7,2
323,1,2,0,7,0,0,1,2,7,2
324,1,2,0,4,1,1,2,3,7,2
325,0,3,1,6,8,2,3,3,7,2
326,1,1,0,0,0,0,3,0,2,1
327,0,3,1,3,0,0,0,3,7,2
328,1,2,0,0,0,0,1,3,7,2
329,1,3,0,7,1,1,2,3,7,2
330,1,1,0,5,0,1,3,0,1,1
331,1,3,0,6,2,0,2,2,7,2
332,0,1,1,0,0,0,2,3,2,0
333,0,1,1,0,0,1,3,3,2,0
334,0,3,1,5,2,0,2,3,7,2
335,1,1,0,6,1,0,3,3,7,2
336,0,3,1,6,0,0,0,3,7,2
337,0,1,1,7,1,0,3,3,2,1
338,1,1,0,0,0,0,3,0,4,1
339,1,3,1,0,0,0,1,3,7,2
340,0,1,1,0,0,0,3,3,7,2
341,1,2,1,1,1,1,2,3,5,1
342,1,1,0,4,3,2,3,3,2,1
343,0,2,1,7,0,0,1,3,7,2
344,0,2,1,4,0,0,1,3,7,2
345,0,2,1,0,0,0,1,3,7,2
346,1,2,0,4,0,0,1,3,5,1
347,1,2,0,0,0,0,1,3,7,2
348,1,3,0,6,1,0,2,3,7,2
349,1,3,1,1,1,1,2,3,7,2
350,0,3,1,0,0,0,1,3,7,2
351,0,3,1,4,0,0,1,3,7,2
352,0,1,1,6,0,0,3,3,2,0
353,0,3,1,5,1,1,0,0,7,2
354,0,3,1,4,1,0,2,3,7,2
355,0,3,1,6,0,0,0,0,7,2
356,0,3,1,7,0,0,1,3,7,2
357,1,1,0,4,0,1,3,3,4,1
358,0,2,0,0,0,0,1,3,7,2
359,1,3,0,6,0,0,0,2,7,2
360,1,3,0,6,0,0,0,2,7,2
361,0,3,1,0,1,4,2,3,7,2
362,0,2,1,7,1,0,2,0,7,2
363,0,3,0,0,0,1,1,0,7,2
364,0,3,1,7,0,0,0,3,7,2
365,0,3,1,6,1,0,2,2,7,2
366,0,3,1,7,0,0,0,3,7,2
367,1,1,0,0,1,0,3,0,3,1
368,1,3,0,6,0,0,0,0,7,2
369,1,3,0,6,0,0,0,2,7,2
370,1,1,0,4,0,0,3,0,1,1
371,1,1,1,4,1,0,3,0,4,1
372,0,3,1,5,1,0,0,3,7,2
373,0,3,1,4,0,0,1,3,7,2
374,0,1,1,4,0,0,3,0,7,2
375,0,3,0,1,3,1,2,3,7,2
376,1,1,0,6,1,0,3,0,7,2
377,1,3,0,4,0,0,0,3,7,2
378,0,1,1,7,0,2,3,0,2,1
379,0,3,1,4,0,0,0,0,7,2
380,0,3,1,4,0,0,0,3,7,2
381,1,1,0,0,0,0,3,0,7,2
382,1,3,0,1,0,2,2,0,7,2
383,0,3,1,7,0,0,0,3,7,2
384,1,1,0,7,1,0,3,3,7,2
385,0,3,1,6,0,0,0,3,7,2
386,0,2,1,5,0,0,3,3,7,2
387,0,3,1,1,5,2,3,3,7,2
388,1,2,0,0,0,0,1,3,7,2
389,0,3,1,6,0,0,0,2,7,2
390,1,2,0,5,0,0,1,0,7,2
391,1,1,1,0,1,2,3,3,1,0
392,1,3,1,4,0,0,0,3,7,2
393,0,3,1,7,2,0,0,3,7,2
394,1,1,0,4,1,0,3,0,3,1
395,1,3,0,4,0,2,2,3,6,1
396,0,3,1,4,0,0,0,3,7,2
397,0,3,0,7,0,0,0,3,7,2
398,0,2,1,0,0,0,2,3,7,2
399,0,2,1,4,0,0,1,3,7,2
400,1,2,0,7,0,0,1,3,7,2
401,1,3,1,0,0,0,0,3,7,2
402,0,3,1,7,0,0,1,3,7,2
403,0,3,0,4,1,0,1,3,7,2
404,0,3,1,7,1,0,2,3,7,2
405,0,3,0,4,0,0,1,3,7,2
406,0,2,1,7,1,0,2,3,7,2
407,0,3,1,0,0,0,0,3,7,2
408,1,2,1,1,1,1,2,3,7,2
409,0,3,1,4,0,0,0,3,7,2
410,0,3,0,6,3,1,2,3,7,2
411,0,3,1,6,0,0,0,3,7,2
412,0,3,1,6,0,0,0,2,7,2
413,1,1,0,7,1,0,3,2,2,1
414,0,2,1,6,0,0,4,3,7,2
415,1,3,1,0,0,0,0,3,7,2
416,0,3,0,6,0,0,1,3,7,2
417,1,2,0,7,1,1,3,3,7,2
418,1,2,0,5,0,2,1,3,7,2
419,0,2,1,7,0,0,1,3,7,2
420,0,3,0,2,0,2,2,3,7,2
421,0,3,1,6,0,0,0,0,7,2
422,0,3,1,4,0,0,0,2,7,2
423,0,3,1,7,0,0,0,3,7,2
424,0,3,0,7,1,1,1,3,7,2
425,0,3,1,5,1,1,2,3,7,2
426,0,3,1,6,0,0,0,3,7,2
427,1,2,0,7,1,0,2,3,7,2
428,1,2,0,4,0,0,2,3,7,2
429,0,3,1,6,0,0,0,2,7,2
430,1,3,1,7,0,0,1,3,4,1
431,1,1,1,7,0,0,2,3,2,1
432,1,3,0,6,1,0,2,3,7,2
433,1,2,0,0,1,0,2,3,7,2
434,0,3,1,5,0,0,0,3,7,2
435,0,1,1,0,1,0,3,3,4,1
436,1,1,0,5,1,2,3,3,1,0
437,0,3,0,4,2,2,3,3,7,2
438,1,2,0,4,2,3,2,3,7,2
439,0,1,1,3,1,4,3,3,2,1
440,0,2,1,7,0,0,1,3,7,2
441,1,2,0,0,1,1,2,3,7,2
442,0,3,1,4,0,0,1,3,7,2
443,0,3,1,4,1,0,0,3,7,2
444,1,2,0,7,0,0,1,3,7,2
445,1,3,1,6,0,0,1,3,7,2
446,1,1,1,1,0,2,3,3,0,1
447,1,2,0,5,0,1,2,3,7,2
448,1,1,1,7,0,0,2,3,7,2
449,1,3,0,1,2,1,2,0,7,2
450,1,1,1,0,0,0,2,3,2,0
451,0,2,1,0,1,2,2,3,7,2
452,0,3,1,6,1,0,2,3,7,2
453,0,1,1,7,0,0,2,0,2,0
454,1,1,1,0,1,0,3,0,2,0
455,0,3,1,6,0,0,1,3,7,2
456,1,3,1,7,0,0,0,0,7,2
457,0,1,1,3,0,0,2,3,4,1
458,1,1,0,6,1,0,3,3,3,1
459,1,2,0,0,0,0,1,3,7,2
460,0,3,1,6,0,0,0,2,7,2
461,1,1,1,0,0,0,2,3,4,1
462,0,3,1,7,0,0,1,3,7,2
463,0,1,1,0,0,0,3,3,4,1
464,0,2,1,0,0,0,1,3,7,2
465,0,3,1,6,0,0,1,3,7,2
466,0,3,1,0,0,0,0,3,7,2
467,0,2,1,6,0,0,4,3,7,2
468,0,1,1,0,0,0,2,3,7,2
469,0,3,1,6,0,0,0,2,7,2
470,1,3,0,1,2,1,2,0,7,2
471,0,3,1,6,0,0,0,3,7,2
472,0,3,1,0,0,0,1,3,7,2
473,1,2,0,7,1,2,2,3,7,2
474,1,2,0,4,0,0,1,0,7,2
475,0,3,0,4,0,0,1,3,7,2
476,0,1,1,6,0,0,3,3,0,1
477,0,2,1,7,1,0,2,3,7,2
478,0,3,1,7,1,0,0,3,7,2
479,0,3,1,4,0,0,0,3,7,2
480,1,3,0,1,0,1,1,3,7,2
481,0,3,1,2,5,2,3,3,7,2
482,0,2,1,6,0,0,4,3,7,2
483,0,3,1,0,0,0,1,3,7,2
484,1,3,0,3,0,0,1,3,7,2
485,1,1,1,4,1,0,3,0,1,1
486,0,3,0,6,3,1,2,3,7,2
487,1,1,0,7,1,0,3,3,2,0
488,0,1,1,0,0,0,2,0,1,1
489,0,3,1,7,0,0,1,3,7,2
490,1,3,1,2,1,1,2,3,7,2
491,0,3,1,6,1,0,2,3,7,2
492,0,3,1,4,0,0,0,3,7,2
493,0,1,1,0,0,0,2,3,2,1
494,0,1,1,3,0,0,3,0,7,2
495,0,3,1,4,0,0,1,3,7,2
496,0,3,1,6,0,0,1,0,7,2
497,1,1,0,0,1,0,3,0,3,1
498,0,3,1,6,0,0,2,3,7,2
499,0,1,0,4,1,2,3,3,2,1
500,0,3,1,4,0,0,0,3,7,2
501,0,3,1,5,0,0,1,3,7,2
502,0,3,0,4,0,0,0,2,7,2
503,0,3,0,6,0,0,0,2,7,2
504,0,3,0,0,0,0,1,3,7,2
505,1,1,0,5,0,0,3,3,1,1
506,0,1,1,5,1,0,3,0,2,1
507,1,2,0,7,0,2,2,3,7,2
508,1,1,1,6,0,0,2,3,7,2
509,0,3,1,7,0,0,2,3,7,2
510,1,3,1,7,0,0,3,3,7,2
511,1,3,1,7,0,0,0,2,7,2
512,0,3,1,6,0,0,1,3,7,2
513,1,1,1,0,0,0,2,3,4,1
514,1,1,0,0,1,0,3,0,7,2
515,0,3,1,4,0,0,0,3,7,2
516,0,1,1,0,0,0,3,3,3,1
517,1,2,0,7,0,0,1,3,5,1
518,0,3,1,6,0,0,2,2,7,2
519,1,2,0,0,1,0,2,3,7,2
520,0,3,1,7,0,0,0,3,7,2
521,1,1,0,7,0,0,3,3,1,1
522,0,3,1,4,0,0,0,3,7,2
523,0,3,1,6,0,0,0,0,7,2
524,1,1,0,0,0,1,3,0,1,1
525,0,3,1,6,0,0,0,0,7,2
526,0,3,1,0,0,0,0,2,7,2
527,1,2,0,0,0,0,1,3,7,2
528,0,1,1,6,0,0,3,3,2,0
529,0,3,1,0,0,0,0,3,7,2
530,0,2,1,4,2,1,1,3,7,2
531,1,2,0,1,1,1,2,3,7,2
532,0,3,1,6,0,0,0,0,7,2
533,0,3,1,5,1,1,0,0,7,2
534,1,3,0,6,0,2,2,0,7,2
535,0,3,0,7,0,0,1,3,7,2
536,1,2,0,2,0,2,2,3,7,2
537,0,1,1,0,0,0,2,3,1,1
538,1,1,0,7,0,0,3,0,7,2
539,0,3,1,6,0,0,1,3,7,2
540,1,1,0,4,0,2,3,0,1,1
541,1,1,0,0,0,2,3,3,1,1
542,0,3,0,2,4,2,3,3,7,2
543,0,3,0,2,4,2,3,3,7,2
544,1,2,1,7,1,0,2,3,7,2
545,0,1,1,0,1,0,3,0,2,1
546,0,1,1,3,0,0,2,3,7,2
547,1,2,0,4,1,0,2,3,7,2
548,1,2,1,6,0,0,1,0,7,2
549,0,3,1,7,1,1,2,3,7,2
550,1,2,1,2,1,1,3,3,7,2
551,1,1,1,5,0,2,3,0,2,1
552,0,2,1,7,0,0,2,3,7,2
553,0,3,1,6,0,0,0,2,7,2
554,1,3,1,4,0,0,0,0,7,2
555,1,3,0,4,0,0,0,3,7,2
556,0,1,1,3,0,0,2,3,7,2
557,1,1,0,0,1,0,3,0,0,1
558,0,1,1,6,0,0,3,0,7,2
559,1,1,0,0,1,1,3,3,4,1
560,1,3,0,0,1,0,2,3,7,2
561,0,3,1,6,0,0,0,2,7,2
562,0,3,1,0,0,0,0,3,7,2
563,0,2,1,7,0,0,1,3,7,2
564,0,3,1,6,0,0,1,3,7,2
565,0,3,0,6,0,0,1,3,7,2
566,0,3,1,4,2,0,2,3,7,2
567,0,3,1,4,0,0,0,3,7,2
568,0,3,0,7,0,4,2,3,7,2
569,0,3,1,6,0,0,0,0,7,2
570,1,3,1,7,0,0,0,3,7,2
571,1,2,1,3,0,0,1,3,7,2
572,1,1,0,0,2,0,3,3,2,0
573,1,1,1,0,0,0,2,3,4,1
574,1,3,0,6,0,0,0,2,7,2
575,0,3,1,5,0,0,1,3,7,2
576,0,3,1,4,0,0,1,3,7,2
577,1,2,0,7,0,0,1,3,7,2
578,1,1,0,0,1,0,3,3,4,1
579,0,3,0,6,1,0,1,0,7,2
580,1,3,1,7,0,0,0,3,7,2
581,1,2,0,4,1,1,2,3,7,2
582,1,1,0,0,1,1,3,0,2,1
583,0,2,1,0,0,0,2,3,7,2
584,0,1,1,0,0,0,3,0,0,1
585,0,3,1,6,0,0,1,0,7,2
586,1,1,0,5,0,2,3,3,4,1
587,0,2,1,0,0,0,1,3,7,2
588,1,1,1,0,1,1,3,0,1,1
589,0,3,1,4,0,0,1,3,7,2
590,0,3,1,6,0,0,1,3,7,2
591,0,3,1,7,0,0,0,3,7,2
592,1,1,0,0,1,0,3,0,3,1
593,0,3,1,0,0,0,0,3,7,2
594,0,3,0,6,0,2,0,2,7,2
595,0,2,1,0,1,0,2,3,7,2
596,0,3,1,0,1,1,2,3,7,2
597,1,2,0,6,0,0,3,3,7,2
598,0,3,1,0,0,0,4,3,7,2
599,0,3,1,6,0,0,0,0,7,2
600,1,1,1,0,1,0,3,0,0,1
601,1,2,0,4,2,1,2,3,7,2
602,0,3,1,6,0,0,0,3,7,2
603,0,1,1,6,0,0,3,3,7,2
604,0,3,1,0,0,0,1,3,7,2
605,1,1,1,7,0,0,2,0,7,2
606,0,3,1,0,1,0,2,3,7,2
607,0,3,1,7,0,0,0,3,7,2
608,1,1,1,7,0,0,2,3,7,2
609,1,2,0,4,1,2,3,0,7,2
610,1,1,0,0,0,0,3,3,2,0
611,0,3,0,0,1,5,3,3,7,2
612,0,3,1,6,0,0,0,3,7,2
613,1,3,0,6,1,0,2,2,7,2
614,0,3,1,6,0,0,0,2,7,2
615,0,3,1,7,0,0,1,3,7,2
616,1,2,0,4,1,2,3,3,7,2
617,0,3,1,7,1,1,1,3,7,2
618,0,3,0,7,1,0,2,3,7,2
619,1,2,0,1,2,1,3,3,5,1
620,0,2,1,7,0,0,1,3,7,2
621,0,3,1,7,1,0,1,0,7,2
622,1,1,1,0,1,0,3,3,3,1
623,1,3,1,4,1,1,2,0,7,2
624,0,3,1,4,0,0,0,3,7,2
625,0,3,1,4,0,0,2,3,7,2
626,0,1,1,3,0,0,3,3,3,1
627,0,2,1,0,0,0,1,2,7,2
628,1,1,0,4,0,0,3,3,3,1
629,0,3,1,7,0,0,0,3,7,2
630,0,3,1,6,0,0,0,2,7,2
631,1,1,1,3,0,0,2,3,0,1
632,0,3,1,0,0,0,0,3,7,2
633,1,1,1,7,0,0,2,0,1,1
634,0,1,1,6,0,0,4,3,7,2
635,0,3,0,2,3,2,2,3,7,2
636,1,2,0,7,0,0,1,3,7,2
637,0,3,1,7,0,0,0,3,7,2
638,0,2,1,7,1,1,2,3,7,2
639,0,3,0,0,0,5,3,3,7,2
640,0,3,1,6,1,0,2,3,7,2
641,0,3,1,4,0,0,0,3,7,2
642,1,1,0,4,0,0,3,0,1,1
643,0,3,0,1,3,2,2,3,7,2
644,1,3,1,6,0,0,3,3,7,2
645,1,3,0,1,2,1,2,0,7,2
646,1,1,1,0,1,0,3,0,3,1
647,0,3,1,4,0,0,0,3,7,2
648,1,1,1,0,0,0,3,0,0,1
649,0,3,1,6,0,0,0,3,7,2
650,1,3,0,4,0,0,0,3,7,2
651,0,3,1,6,0,0,0,3,7,2
652,1,2,0,5,0,1,2,3,7,2
653,0,3,1,4,0,0,1,3,7,2
654,1,3,0,6,0,0,0,2,7,2
655,0,3,0,5,0,0,0,2,7,2
656,0,2,1,4,2,0,3,3,7,2
657,0,3,1,6,0,0,0,3,7,2
658,0,3,0,7,1,1,2,2,7,2
659,0,2,1,4,0,0,1,3,7,2
660,0,1,1,0,0,2,3,0,3,1
661,1,1,1,0,2,0,3,3,7,2
662,0,3,1,0,0,0,0,0,7,2
663,0,1,1,0,0,0,2,3,4,1
664,0,3,1,0,0,0,0,3,7,2
665,1,3,1,4,1,0,0,3,7,2
666,0,2,1,7,2,0,3,3,7,2
667,0,2,1,4,0,0,1,3,7,2
668,0,3,1,6,0,0,0,3,7,2
669,0,3,1,0,0,0,1,3,7,2
670,1,1,0,6,1,0,3,3,2,0
671,1,2,0,0,1,1,3,3,7,2
672,0,1,1,7,1,0,3,3,1,1
673,0,2,1,3,0,0,1,3,7,2
674,1,2,1,7,0,0,1,3,7,2
675,0,2,1,6,0,0,4,3,7,2
676,0,3,1,5,0,0,0,3,7,2
677,0,3,1,4,0,0,1,3,7,2
678,1,3,0,5,0,0,1,3,7,2
679,0,3,0,0,1,6,3,3,7,2
680,1,1,1,0,0,1,3,0,1,1
681,0,3,0,6,0,0,1,2,7,2
682,1,1,1,7,0,0,3,0,3,1
683,0,3,1,4,0,0,1,3,7,2
684,0,3,1,5,5,2,3,3,7,2
685,0,2,1,0,1,1,3,3,7,2
686,0,2,1,4,1,2,3,0,7,2
687,0,3,1,5,4,1,3,3,7,2
688,0,3,1,4,0,0,1,3,7,2
689,0,3,1,5,0,0,0,3,7,2
690,1,1,0,5,0,1,3,3,1,1
691,1,1,1,7,1,0,3,3,1,1
692,1,3,0,1,0,1,1,0,7,2
693,1,3,1,6,0,0,3,3,7,2
694,0,3,1,4,0,0,0,0,7,2
695,0,1,1,0,0,0,2,3,7,2
696,0,2,1,0,0,0,1,3,7,2
697,0,3,1,0,0,0,1,3,7,2
698,1,3,0,6,0,0,0,2,7,2
699,0,1,1,0,1,1,3,0,2,1
700,0,3,1,0,0,0,0,3,6,1
701,1,1,0,5,1,0,3,0,2,1
702,1,1,1,7,0,0,2,3,4,1
703,0,3,0,5,0,1,1,0,7,2
704,0,3,1,4,0,0,0,2,7,2
705,0,3,1,7,1,0,0,3,7,2
706,0,2,1,0,0,0,2,3,7,2
707,1,2,0,0,0,0,1,3,7,2
708,1,1,1,0,0,0,2,3,4,1
709,1,1,0,4,0,0,3,3,7,2
710,1,3,1,6,1,1,2,0,7,2
711,1,1,0,4,0,0,3,0,2,1
712,0,1,1,6,0,0,2,3,2,0
713,1,1,1,0,1,0,3,3,2,0
714,0,3,1,7,0,0,1,3,7,2
715,0,2,1,0,0,0,1,3,7,2
716,0,3,1,4,0,0,0,3,6,1
717,1,1,0,0,0,0,3,0,2,1
718,1,2,0,7,0,0,1,3,4,0
719,0,3,1,6,0,0,2,2,7,2
720,0,3,1,7,0,0,0,3,7,2
721,1,2,0,2,0,1,3,3,7,2
722,0,3,1,5,1,0,0,3,7,2
723,0,2,1,7,0,0,1,3,7,2
724,0,2,1,0,0,0,1,3,7,2
725,1,1,1,7,1,0,3,3,4,1
726,0,3,1,4,0,0,1,3,7,2
727,1,2,0,7,3,0,2,3,7,2
728,1,3,0,6,0,0,0,2,7,2
729,0,2,1,4,1,0,2,3,7,2
730,0,3,0,4,1,0,0,3,7,2
731,1,1,0,7,0,0,3,3,1,1
732,0,3,1,2,0,0,2,0,7,2
733,0,2,1,6,0,0,4,3,7,2
734,0,2,1,4,0,0,1,3,7,2
735,0,2,1,4,0,0,1,3,7,2
736,0,3,1,7,0,0,2,3,7,2
737,0,3,0,0,1,3,3,3,7,2
738,1,1,1,7,0,0,3,0,1,0
739,0,3,1,6,0,0,0,3,7,2
740,0,3,1,6,0,0,0,3,7,2
741,1,1,1,6,0,0,2,3,3,1
742,0,1,1,0,1,0,3,3,2,1
743,1,1,0,4,2,2,3,0,1,1
744,0,3,1,4,1,0,2,3,7,2
745,1,3,1,7,0,0,0,3,7,2
746,0,1,1,3,1,1,3,3,1,1
747,0,3,1,5,1,1,2,3,7,2
748,1,2,0,7,0,0,1,3,7,2
749,0,1,1,4,1,0,3,3,3,1
750,0,3,1,7,0,0,0,2,7,2
751,1,2,0,1,1,1,2,3,7,2
752,1,3,1,2,0,1,1,3,4,0
753,0,3,1,7,0,0,1,3,7,2
754,0,3,1,4,0,0,0,3,7,2
755,1,2,0,0,1,2,3,3,7,2
756,1,2,1,1,1,1,1,3,7,2
757,0,3,1,7,0,0,0,3,7,2
758,0,2,1,5,0,0,1,3,7,2
759,0,3,1,7,0,0,1,3,7,2
760,1,1,0,7,0,0,3,3,1,1
761,0,3,1,6,0,0,1,3,7,2
762,0,3,1,0,0,0,0,3,7,2
763,1,3,1,4,0,0,0,0,7,2
764,1,1,0,0,1,2,3,3,1,0
765,0,3,1,5,0,0,0,3,7,2
766,1,1,0,0,1,0,3,3,3,1
767,0,1,1,6,0,0,3,0,7,2
768,0,3,0,7,0,0,0,2,7,2
769,0,3,1,6,1,0,2,2,7,2
770,0,3,1,7,0,0,1,3,7,2
771,0,3,1,4,0,0,1,3,7,2
772,0,3,1,0,0,0,0,3,7,2
773,0,2,0,0,0,0,1,3,4,1
774,0,3,1,6,0,0,0,0,7,2
775,1,2,0,0,1,3,2,3,7,2
776,0,3,1,5,0,0,0,3,7,2
777,0,3,1,6,0,0,0,2,5,1
778,1,3,0,1,0,0,1,3,7,2
779,0,3,1,6,0,0,0,2,7,2
780,1,1,0,0,0,1,3,3,1,1
781,1,3,0,5,0,0,0,0,7,2
782,1,1,0,5,1,0,3,3,1,1
783,0,1,1,7,0,0,2,3,3,1
784,0,3,1,6,1,2,2,3,7,2
785,0,3,1,4,0,0,0,3,7,2
786,0,3,1,4,0,0,0,3,7,2
787,1,3,0,5,0,0,0,3,7,2
788,0,3,1,2,4,1,2,2,7,2
789,1,3,1,1,1,2,2,3,7,2
790,0,1,1,0,0,0,3,0,1,1
791,0,3,1,6,0,0,0,2,7,2
792,0,2,1,5,0,0,2,3,7,2
793,0,3,0,6,8,2,3,3,7,2
794,0,1,1,6,0,0,2,0,7,2
795,0,3,1,4,0,0,0,3,7,2
796,0,2,1,0,0,0,1,3,7,2
797,1,1,0,0,0,0,2,3,3,1
798,1,3,0,7,0,0,1,3,7,2
799,0,3,1,7,0,0,0,0,7,2
800,0,3,0,7,1,1,2,3,7,2
801,0,2,1,7,0,0,1,3,7,2
802,1,2,0,7,1,1,2,3,7,2
803,1,1,1,2,1,2,3,3,1,0
804,1,3,1,1,0,1,1,0,7,2
805,1,3,1,7,0,0,0,3,7,2
806,0,3,1,7,0,0,0,3,7,2
807,0,1,1,0,0,0,4,3,0,1
808,0,3,0,5,0,0,0,3,7,2
809,0,2,1,0,0,0,1,3,7,2
810,1,1,0,7,1,0,3,3,4,1
811,0,3,1,7,0,0,0,3,7,2
812,0,3,1,0,0,0,2,3,7,2
813,0,2,1,7,0,0,1,3,7,2
814,0,3,0,2,4,2,3,3,7,2
815,0,3,1,7,0,0,1,3,7,2
816,0,1,1,6,0,0,4,3,1,0
817,0,3,0,4,0,0,0,3,7,2
818,0,2,1,7,1,1,3,0,7,2
819,0,3,1,0,0,0,0,3,7,2
820,0,3,1,2,3,2,2,3,7,2
821,1,1,0,0,1,1,3,3,1,1
822,1,3,1,7,0,0,1,3,7,2
823,0,1,1,0,0,0,4,3,7,2
824,1,3,0,7,0,1,1,3,4,0
825,0,3,1,1,4,1,3,3,7,2
826,0,3,1,6,0,0,0,2,7,2
827,0,3,1,6,0,0,3,3,7,2
828,1,2,1,1,0,2,3,0,7,2
829,1,3,1,6,0,0,0,2,7,2
830,1,1,0,3,0,0,3,1,1,1
831,1,3,0,5,1,0,1,0,7,2
832,1,2,1,1,1,1,2,3,7,2
833,0,3,1,6,0,0,0,0,7,2
834,0,3,1,4,0,0,0,3,7,2
835,0,3,1,5,0,0,1,3,7,2
836,1,1,0,0,1,1,3,0,4,1
837,0,3,1,4,0,0,1,3,7,2
838,0,3,1,6,0,0,1,3,7,2
839,1,3,1,7,0,0,3,3,7,2
840,1,1,1,6,0,0,2,0,2,1
841,0,3,1,4,0,0,0,3,7,2
842,0,2,1,5,0,0,1,3,7,2
843,1,1,0,7,0,0,2,0,7,2
844,0,3,1,7,0,0,0,0,7,2
845,0,3,1,5,0,0,1,3,7,2
846,0,3,1,0,0,0,0,3,7,2
847,0,3,1,6,8,2,3,3,7,2
848,0,3,1,7,0,0,0,0,7,2
849,0,2,1,7,0,1,3,3,7,2
850,1,1,0,6,1,0,3,0,2,0
851,0,3,1,1,4,2,3,3,7,2
852,0,3,1,3,0,0,0,3,7,2
853,0,3,0,2,1,1,2,0,7,2
854,1,1,0,5,0,1,3,3,3,1
855,0,2,0,0,1,0,2,3,7,2
856,1,3,0,5,0,1,1,3,7,2
857,1,1,0,0,1,1,3,3,7,2
858,1,1,1,0,0,0,2,3,4,1
859,1,3,0,4,0,3,2,0,7,2
860,0,3,1,6,0,0,0,0,7,2
861,0,3,1,0,2,0,1,3,7,2
862,0,2,1,4,1,0,1,3,7,2
863,1,1,0,0,0,0,2,3,3,1
864,0,3,0,6,8,2,3,3,7,2
865,0,2,1,4,0,0,1,3,7,2
866,1,2,0,0,0,0,1,3,7,2
867,1,2,0,7,1,0,1,0,7,2
868,0,1,1,7,0,0,3,3,0,1
869,0,3,1,6,0,0,1,3,7,2
870,1,3,1,1,1,1,1,3,7,2
871,0,3,1,7,0,0,0,3,7,2
872,1,1,0,0,1,1,3,3,3,1
873,0,1,1,7,0,0,0,3,1,1
874,0,3,1,0,0,0,1,3,7,2
875,1,2,0,7,1,0,2,0,7,2
876,1,3,0,5,0,0,0,0,7,2
877,0,3,1,4,0,0,1,3,7,2
878,0,3,1,4,0,0,0,3,7,2
879,0,3,1,6,0,0,0,3,7,2
880,1,1,0,0,0,1,3,0,2,1
881,1,2,0,4,0,1,2,3,7,2
882,0,3,1,7,0,0,0,3,7,2
883,0,3,0,4,0,0,1,3,7,2
884,0,2,1,7,0,0,1,3,7,2
885,0,3,1,4,0,0,0,3,7,2
886,0,3,0,0,0,5,2,2,7,2
887,0,2,1,7,0,0,1,3,7,2
888,1,1,0,4,0,0,2,3,1,1
889,0,3,0,6,1,2,2,3,7,2
890,1,1,1,7,0,0,2,0,2,0
891,0,3,1,7,0,0,0,2,7,2
